loss,ACC@1,ACC@5,ACC@10,ACC@20,MRR,timestamp,checkpoint_dir_name,done,training_iteration,trial_id,date,time_this_iter_s,time_total_s,pid,hostname,node_ip,time_since_restore,iterations_since_restore,config/user_emb_dim,config/poi_emb_dim,config/gh_emb_dim,config/ts_emb_dim,config/hidden_dim,config/emb_switch,config/emb_dropout,config/GAT_dropout,config/task_loss_coefficients,config/optim_lr,config/trial_name,logdir
16.93372175623389,0.02665441176470588,0.08455882352941177,0.10294117647058823,0.11856617647058823,0.22183534072246403,1738121396,,True,10,966e6_00000,2025-01-29_04-29-56,26.190189361572266,307.2301621437073,3968086,Mosix11,172.20.185.12,307.2301621437073,10,256,512,256,256,512,"[True, True, False, True]",0.9,0.5,"[1.0, 1.0, 1.0, 1.0]",0.00036575813880344236,objective_966e6_00000,966e6_00000
18.669995511279385,0.02297794117647059,0.07628676470588236,0.10202205882352941,0.125,0.20209167656053872,1738121497,,True,2,966e6_00001,2025-01-29_04-31-37,26.71220636367798,98.02523517608643,3971170,Mosix11,172.20.185.12,98.02523517608643,2,256,512,256,256,768,"[True, True, False, True]",0.9,0.5,"[1.0, 0.0, 1.0, 0]",0.00034694415958191335,objective_966e6_00001,966e6_00001
5.573839513694539,0.034926470588235295,0.11121323529411764,0.1479779411764706,0.1801470588235294,0.3498823950341081,1738121683,,True,10,966e6_00002,2025-01-29_04-34-43,15.370330095291138,182.54945874214172,3972267,Mosix11,172.20.185.12,182.54945874214172,10,512,256,128,128,768,"[True, True, False, False]",0.9,0.5,"[1.0, 0.0, 0.0, 0.0]",1.4871198427120179e-05,objective_966e6_00002,966e6_00002
10.665454394677106,0.029411764705882353,0.078125,0.11121323529411764,0.13602941176470587,0.23953731530619896,1738121832,,True,8,966e6_00003,2025-01-29_04-37-12,15.543888568878174,145.8446445465088,3974640,Mosix11,172.20.185.12,145.8446445465088,8,256,256,256,128,512,"[True, True, False, False]",0.9,0.0,"[1.0, 0.0, 1.0, 0]",0.00012327258931835842,objective_966e6_00003,966e6_00003
12.912009745836258,0.02389705882352941,0.07720588235294118,0.10386029411764706,0.1213235294117647,0.2198534368619542,1738121984,,True,4,966e6_00004,2025-01-29_04-39-44,26.238147735595703,148.30131840705872,3976606,Mosix11,172.20.185.12,148.30131840705872,4,256,512,128,256,512,"[True, True, False, True]",0.9,0.0,"[1.0, 1.0, 1.0, 1.0]",0.00018186759164424323,objective_966e6_00004,966e6_00004
5.471037739339997,0.03860294117647059,0.1213235294117647,0.15349264705882354,0.1801470588235294,0.3303509145865546,1738122301,,True,10,966e6_00005,2025-01-29_04-45-01,26.753478527069092,314.7685263156891,3978184,Mosix11,172.20.185.12,314.7685263156891,10,512,512,256,256,768,"[True, True, False, False]",0.9,0.0,"[1.0, 0.0, 1.0, 0]",1.2912067192995269e-05,objective_966e6_00005,966e6_00005
7.053811198648284,0.03308823529411765,0.09375,0.13051470588235295,0.17003676470588236,0.2880852761240128,1738122486,,True,10,966e6_00006,2025-01-29_04-48-06,15.33185338973999,181.27593731880188,3981272,Mosix11,172.20.185.12,181.27593731880188,10,256,256,128,128,768,"[True, True, False, False]",0.9,0.5,"[1.0, 0.0, 1.0, 0]",4.9798067964102174e-05,objective_966e6_00006,966e6_00006
7.003890066462405,0.030330882352941176,0.11672794117647059,0.14981617647058823,0.18106617647058823,0.3076076665893197,1738122800,,True,10,966e6_00007,2025-01-29_04-53-20,26.914021253585815,310.0014624595642,3983639,Mosix11,172.20.185.12,310.0014624595642,10,512,512,256,128,512,"[True, True, False, False]",0.9,0.5,"[1.0, 1.0, 1.0, 1.0]",2.5450700378751057e-05,objective_966e6_00007,966e6_00007
5.283730808426352,0.034926470588235295,0.11213235294117647,0.140625,0.17463235294117646,0.33089318638667464,1738123115,,True,10,966e6_00008,2025-01-29_04-58-35,26.684272050857544,312.46621799468994,3986696,Mosix11,172.20.185.12,312.46621799468994,10,256,512,256,128,768,"[True, True, False, False]",0.9,0.0,"[1.0, 0.0, 0.5, 0]",2.0183308093249985e-05,objective_966e6_00008,966e6_00008
18.584465030361624,0.02849264705882353,0.10110294117647059,0.12683823529411764,0.14705882352941177,0.23052429895409765,1738123160,,True,1,966e6_00009,2025-01-29_04-59-20,40.65197420120239,40.65197420120239,3989766,Mosix11,172.20.185.12,40.65197420120239,1,512,256,256,256,768,"[True, True, False, False]",0.9,0.5,"[1.0, 0.0, 1.0, 0]",0.00015633438450962986,objective_966e6_00009,966e6_00009
5.133974372464068,0.034926470588235295,0.11856617647058823,0.15992647058823528,0.18290441176470587,0.3415683715001625,1738123471,,True,10,966e6_00010,2025-01-29_05-04-31,26.281978368759155,308.13590478897095,3990449,Mosix11,172.20.185.12,308.13590478897095,10,512,512,128,128,512,"[True, True, False, True]",0.9,0.5,"[1.0, 0.0, 0.5, 0]",1.0219360473967922e-05,objective_966e6_00010,966e6_00010
5.517814099788666,0.027573529411764705,0.10753676470588236,0.14705882352941177,0.17095588235294118,0.31262171621817875,1738123785,,True,10,966e6_00011,2025-01-29_05-09-45,26.553452253341675,311.22935342788696,3993489,Mosix11,172.20.185.12,311.22935342788696,10,256,512,128,128,768,"[True, True, False, False]",0.9,0.5,"[1.0, 0.0, 0.0, 0.0]",2.6415040407499426e-05,objective_966e6_00011,966e6_00011
40.823116919573614,0.03216911764705882,0.09099264705882353,0.11764705882352941,0.13878676470588236,0.2321574236266315,1738123858,,True,1,966e6_00012,2025-01-29_05-10-58,69.92555117607117,69.92555117607117,3996521,Mosix11,172.20.185.12,69.92555117607117,1,512,512,128,256,512,"[True, True, False, True]",0.9,0.0,"[1.0, 0.0, 0.5, 0]",0.0004231484505535209,objective_966e6_00012,966e6_00012
6.20711138143259,0.02849264705882353,0.0974264705882353,0.13786764705882354,0.1645220588235294,0.3179109687643016,1738124007,,True,8,966e6_00013,2025-01-29_05-13-27,15.21866750717163,145.9958791732788,3997357,Mosix11,172.20.185.12,145.9958791732788,8,256,256,256,128,512,"[True, True, False, False]",0.9,0.0,"[1.0, 0.0, 0.5, 0]",4.14724972643352e-05,objective_966e6_00013,966e6_00013
5.269288652959992,0.03676470588235294,0.11580882352941177,0.15349264705882354,0.17555147058823528,0.34162074491819916,1738124188,,True,10,966e6_00014,2025-01-29_05-16-28,15.26852560043335,177.6994490623474,3999311,Mosix11,172.20.185.12,177.6994490623474,10,256,256,256,256,512,"[True, True, False, True]",0.9,0.5,"[1.0, 0.0, 1.0, 0]",2.1881377537217664e-05,objective_966e6_00014,966e6_00014
5.554433076697237,0.03860294117647059,0.12224264705882353,0.15349264705882354,0.17371323529411764,0.31732208610457535,1738124289,,True,2,966e6_00015,2025-01-29_05-18-09,26.817530155181885,97.66551089286804,4001634,Mosix11,172.20.185.12,97.66551089286804,2,256,512,256,128,768,"[True, True, False, False]",0.9,0.5,"[1.0, 1.0, 1.0, 1.0]",5.741575046387971e-05,objective_966e6_00015,966e6_00015
7.105867343790391,0.015625,0.04963235294117647,0.06066176470588235,0.08731617647058823,0.17157023844500893,1738124333,,True,1,966e6_00016,2025-01-29_05-18-53,40.91591811180115,40.91591811180115,4002728,Mosix11,172.20.185.12,40.91591811180115,1,256,256,256,128,768,"[True, True, False, True]",0.9,0.5,"[1.0, 1.0, 1.0, 1.0]",1.0548190298256143e-05,objective_966e6_00016,966e6_00016
40.9964906538234,0.03125,0.08731617647058823,0.12040441176470588,0.14154411764705882,0.21472163622970317,1738124377,,True,1,966e6_00017,2025-01-29_05-19-37,40.56928253173828,40.56928253173828,4003405,Mosix11,172.20.185.12,40.56928253173828,1,512,256,128,256,768,"[True, True, False, False]",0.9,0.0,"[1.0, 0.0, 0.5, 0]",0.0003986118389647146,objective_966e6_00017,966e6_00017
6.893074046162998,0.03860294117647059,0.11488970588235294,0.15073529411764705,0.171875,0.28800058236126513,1738124420,,True,1,966e6_00018,2025-01-29_05-20-20,39.641539096832275,39.641539096832275,4004083,Mosix11,172.20.185.12,39.641539096832275,1,256,256,256,256,512,"[True, True, False, True]",0.9,0.0,"[1.0, 0.0, 1.0, 0]",0.00010955232817386575,objective_966e6_00018,966e6_00018
42.89360181724324,0.024816176470588234,0.08639705882352941,0.11397058823529412,0.13786764705882354,0.21158099707613207,1738124463,,True,1,966e6_00019,2025-01-29_05-21-03,39.651211738586426,39.651211738586426,4004760,Mosix11,172.20.185.12,39.651211738586426,1,512,256,128,128,512,"[True, True, False, False]",0.9,0.5,"[1.0, 1.0, 1.0, 1.0]",0.00042346519587062076,objective_966e6_00019,966e6_00019
13.01893557169858,0.03768382352941176,0.10661764705882353,0.13511029411764705,0.15165441176470587,0.23937029883210711,1738124537,,True,1,966e6_00020,2025-01-29_05-22-17,70.28697323799133,70.28697323799133,4005431,Mosix11,172.20.185.12,70.28697323799133,1,512,512,128,256,512,"[True, True, False, False]",0.9,0.5,"[1.0, 0.0, 0.0, 0.0]",9.891006478617566e-05,objective_966e6_00020,966e6_00020
6.203444067169638,0.03308823529411765,0.09375,0.11672794117647059,0.12683823529411764,0.2801703154383337,1738124635,,True,2,966e6_00021,2025-01-29_05-23-55,26.374468326568604,96.0482976436615,4006265,Mosix11,172.20.185.12,96.0482976436615,2,256,512,128,256,512,"[True, True, False, True]",0.9,0.0,"[1.0, 0.0, 0.5, 0]",1.2519196646415566e-05,objective_966e6_00021,966e6_00021
6.197551208383897,0.03216911764705882,0.09191176470588236,0.11580882352941177,0.12959558823529413,0.27738655112026367,1738124695,,True,2,966e6_00022,2025-01-29_05-24-55,15.914318323135376,56.985191106796265,4007344,Mosix11,172.20.185.12,56.985191106796265,2,256,256,256,128,768,"[True, True, False, True]",0.9,0.5,"[1.0, 0.0, 1.0, 0]",1.2797979012947738e-05,objective_966e6_00022,966e6_00022
7.416749175857095,0.030330882352941176,0.109375,0.140625,0.16636029411764705,0.29520151242339876,1738124795,,True,2,966e6_00023,2025-01-29_05-26-35,26.492921590805054,96.48660826683044,4008212,Mosix11,172.20.185.12,96.48660826683044,2,512,512,256,128,512,"[True, True, False, False]",0.9,0.5,"[1.0, 1.0, 1.0, 1.0]",5.3312473498739614e-05,objective_966e6_00023,966e6_00023
17.153225186993094,0.03216911764705882,0.078125,0.10753676470588236,0.12591911764705882,0.22243521681658046,1738124839,,True,1,966e6_00024,2025-01-29_05-27-19,40.77760577201843,40.77760577201843,4009291,Mosix11,172.20.185.12,40.77760577201843,1,256,256,128,128,768,"[True, True, False, True]",0.9,0.5,"[1.0, 1.0, 1.0, 1.0]",0.00033722310674007787,objective_966e6_00024,966e6_00024
40.23593634717605,0.027573529411764705,0.06893382352941177,0.09558823529411764,0.10753676470588236,0.20549610559143783,1738124883,,True,1,966e6_00025,2025-01-29_05-28-03,40.843533754348755,40.843533754348755,4009969,Mosix11,172.20.185.12,40.843533754348755,1,512,256,128,256,768,"[True, True, False, False]",0.9,0.0,"[1.0, 0.0, 0.0, 0.0]",0.0003599362098808033,objective_966e6_00025,966e6_00025
11.09396134492229,0.030330882352941176,0.09650735294117647,0.12775735294117646,0.15165441176470587,0.24006886258447432,1738124928,,True,1,966e6_00026,2025-01-29_05-28-48,41.307971715927124,41.307971715927124,4010652,Mosix11,172.20.185.12,41.307971715927124,1,512,256,256,128,768,"[True, True, False, False]",0.9,0.5,"[1.0, 0.0, 1.0, 0]",9.088001344795332e-05,objective_966e6_00026,966e6_00026
9.947698064586696,0.035845588235294115,0.10018382352941177,0.1323529411764706,0.15716911764705882,0.2506007840651471,1738124970,,True,1,966e6_00027,2025-01-29_05-29-30,39.839564085006714,39.839564085006714,4011329,Mosix11,172.20.185.12,39.839564085006714,1,512,256,256,256,512,"[True, True, False, False]",0.9,0.0,"[1.0, 0.0, 1.0, 0]",8.182247251025105e-05,objective_966e6_00027,966e6_00027
5.632559672874563,0.03860294117647059,0.11856617647058823,0.15165441176470587,0.18382352941176472,0.3380672271801707,1738125127,,True,8,966e6_00028,2025-01-29_05-32-07,15.803126811981201,153.23633360862732,4012007,Mosix11,172.20.185.12,153.23633360862732,8,512,256,256,128,768,"[True, True, False, True]",0.9,0.5,"[1.0, 1.0, 1.0, 1.0]",1.6338593241352115e-05,objective_966e6_00028,966e6_00028
18.486620173734778,0.03216911764705882,0.08455882352941177,0.10845588235294118,0.12408088235294118,0.19959779014564394,1738125170,,True,1,966e6_00029,2025-01-29_05-32-50,40.744426250457764,40.744426250457764,4013997,Mosix11,172.20.185.12,40.744426250457764,1,256,256,256,128,768,"[True, True, False, False]",0.9,0.0,"[1.0, 0.0, 1.0, 0]",0.0003327329052291597,objective_966e6_00029,966e6_00029
5.254837305230253,0.04136029411764706,0.11948529411764706,0.15257352941176472,0.17463235294117646,0.33973343054051786,1738125262,,True,4,966e6_00030,2025-01-29_05-34-22,15.73784351348877,88.20168590545654,4014668,Mosix11,172.20.185.12,88.20168590545654,4,512,256,256,128,768,"[True, True, False, False]",0.9,0.5,"[1.0, 0.0, 0.5, 0]",2.0777746228441017e-05,objective_966e6_00030,966e6_00030
18.34421090518727,0.030330882352941176,0.09099264705882353,0.11488970588235294,0.13786764705882354,0.22121083061895608,1738125335,,True,1,966e6_00031,2025-01-29_05-35-35,70.20342874526978,70.20342874526978,4015908,Mosix11,172.20.185.12,70.20342874526978,1,512,512,256,128,512,"[True, True, False, True]",0.9,0.0,"[1.0, 0.0, 0.0, 0.0]",0.0001458216379703292,objective_966e6_00031,966e6_00031
7.0877564479323,0.015625,0.04411764705882353,0.057904411764705885,0.0744485294117647,0.1306439588096349,1738125409,,True,1,966e6_00032,2025-01-29_05-36-49,71.24558734893799,71.24558734893799,4016742,Mosix11,172.20.185.12,71.24558734893799,1,256,512,256,128,768,"[True, True, False, True]",0.9,0.5,"[1.0, 0.0, 1.0, 0]",1.0288461274676998e-05,objective_966e6_00032,966e6_00032
5.507761446868672,0.03216911764705882,0.11213235294117647,0.14338235294117646,0.171875,0.33037013867322135,1738125666,,True,8,966e6_00033,2025-01-29_05-41-06,26.41243314743042,254.83301258087158,4017581,Mosix11,172.20.185.12,254.83301258087158,8,256,512,256,128,512,"[True, True, False, True]",0.9,0.0,"[1.0, 0.0, 1.0, 0]",2.889945254963225e-05,objective_966e6_00033,966e6_00033
6.321446562514586,0.03676470588235294,0.0974264705882353,0.11672794117647059,0.1332720588235294,0.2793522237882237,1738125724,,True,2,966e6_00034,2025-01-29_05-42-04,15.148633480072021,54.227893352508545,4020113,Mosix11,172.20.185.12,54.227893352508545,2,256,256,128,256,512,"[True, True, False, True]",0.9,0.5,"[1.0, 1.0, 1.0, 1.0]",1.2424228887283277e-05,objective_966e6_00034,966e6_00034
5.460927800220602,0.03860294117647059,0.11213235294117647,0.15073529411764705,0.17555147058823528,0.3230986775666037,1738125878,,True,4,966e6_00035,2025-01-29_05-44-38,26.86198353767395,151.17906951904297,4020965,Mosix11,172.20.185.12,151.17906951904297,4,256,512,128,256,768,"[True, True, False, True]",0.9,0.5,"[1.0, 0.0, 1.0, 0]",3.9504844666454077e-05,objective_966e6_00035,966e6_00035
5.331544041633606,0.03860294117647059,0.11764705882352941,0.13419117647058823,0.14430147058823528,0.33078514362740163,1738125977,,True,2,966e6_00036,2025-01-29_05-46-17,26.44137668609619,96.09451031684875,4022539,Mosix11,172.20.185.12,96.09451031684875,2,256,512,128,256,512,"[True, True, False, True]",0.9,0.5,"[1.0, 1.0, 1.0, 1.0]",1.8577404085674872e-05,objective_966e6_00036,966e6_00036
6.203584877883687,0.03768382352941176,0.11397058823529412,0.15073529411764705,0.1801470588235294,0.3082907609641552,1738126078,,True,2,966e6_00037,2025-01-29_05-47-58,26.823707580566406,98.11694574356079,4023612,Mosix11,172.20.185.12,98.11694574356079,2,512,512,128,128,768,"[True, True, False, False]",0.9,0.0,"[1.0, 0.0, 1.0, 0]",3.908448690769264e-05,objective_966e6_00037,966e6_00037
49.232880536247706,0.02849264705882353,0.08547794117647059,0.0974264705882353,0.11029411764705882,0.1817955449279158,1738126120,,True,1,966e6_00038,2025-01-29_05-48-40,39.605942487716675,39.605942487716675,4024697,Mosix11,172.20.185.12,39.605942487716675,1,512,256,128,256,512,"[True, True, False, False]",0.9,0.5,"[1.0, 0.0, 0.0, 0.0]",0.0004981443332696816,objective_966e6_00038,966e6_00038
5.757820387096966,0.04136029411764706,0.11764705882352941,0.14613970588235295,0.17279411764705882,0.3236941176959697,1738126213,,True,4,966e6_00039,2025-01-29_05-50-13,15.967170238494873,88.860032081604,4025374,Mosix11,172.20.185.12,88.860032081604,4,512,256,256,256,768,"[True, True, False, True]",0.9,0.0,"[1.0, 0.0, 0.0, 0.0]",2.692437760466977e-05,objective_966e6_00039,966e6_00039
18.75859382573296,0.03400735294117647,0.0900735294117647,0.11488970588235294,0.13511029411764705,0.2041182006976348,1738126285,,True,1,966e6_00040,2025-01-29_05-51-25,69.65597224235535,69.65597224235535,4026614,Mosix11,172.20.185.12,69.65597224235535,1,256,512,128,256,512,"[True, True, False, False]",0.9,0.0,"[1.0, 0.0, 1.0, 0]",0.00035372873533309355,objective_966e6_00040,966e6_00040
5.5043282947119545,0.034926470588235295,0.11764705882352941,0.140625,0.14705882352941177,0.3269572395228726,1738126346,,True,2,966e6_00041,2025-01-29_05-52-26,15.890061378479004,56.99050760269165,4027444,Mosix11,172.20.185.12,56.99050760269165,2,256,256,256,128,768,"[True, True, False, True]",0.9,0.0,"[1.0, 1.0, 1.0, 1.0]",1.6739750605784508e-05,objective_966e6_00041,966e6_00041
7.436601057648659,0.03768382352941176,0.1056985294117647,0.14522058823529413,0.17095588235294118,0.28916823836591315,1738126446,,True,2,966e6_00042,2025-01-29_05-54-06,26.58219337463379,96.81363439559937,4028315,Mosix11,172.20.185.12,96.81363439559937,2,256,512,256,256,512,"[True, True, False, True]",0.9,0.0,"[1.0, 1.0, 1.0, 1.0]",0.00010301284194113414,objective_966e6_00042,966e6_00042
5.582217768711202,0.034926470588235295,0.11672794117647059,0.15165441176470587,0.1792279411764706,0.3340864498716067,1738126600,,True,8,966e6_00043,2025-01-29_05-56-40,15.7539701461792,151.32770156860352,4029394,Mosix11,172.20.185.12,151.32770156860352,8,256,256,128,256,768,"[True, True, False, False]",0.9,0.5,"[1.0, 1.0, 1.0, 1.0]",3.086007880206258e-05,objective_966e6_00043,966e6_00043
8.142582509447546,0.02389705882352941,0.10753676470588236,0.14338235294117646,0.16911764705882354,0.28612760946099813,1738126642,,True,1,966e6_00044,2025-01-29_05-57-22,39.5587100982666,39.5587100982666,4031416,Mosix11,172.20.185.12,39.5587100982666,1,512,256,128,256,512,"[True, True, False, False]",0.9,0.5,"[1.0, 0.0, 0.5, 0]",6.67521733117936e-05,objective_966e6_00044,966e6_00044
5.6311825654085945,0.034926470588235295,0.125,0.15625,0.18106617647058823,0.3164341171984287,1738126745,,True,2,966e6_00045,2025-01-29_05-59-05,26.956052780151367,98.75403761863708,4032088,Mosix11,172.20.185.12,98.75403761863708,2,512,512,256,128,768,"[True, True, False, True]",0.9,0.5,"[1.0, 1.0, 1.0, 1.0]",3.251065097381297e-05,objective_966e6_00045,966e6_00045
10.069195046144372,0.03308823529411765,0.09191176470588236,0.13051470588235295,0.14613970588235295,0.2502775524386807,1738126818,,True,1,966e6_00046,2025-01-29_06-00-18,69.78654718399048,69.78654718399048,4033185,Mosix11,172.20.185.12,69.78654718399048,1,256,512,128,128,512,"[True, True, False, True]",0.9,0.5,"[1.0, 0.0, 0.5, 0]",0.00016725939316586183,objective_966e6_00046,966e6_00046
9.915834696853862,0.03308823529411765,0.10018382352941177,0.13511029411764705,0.15992647058823528,0.2819899223498343,1738126891,,True,1,966e6_00047,2025-01-29_06-01-31,69.89611482620239,69.89611482620239,4034015,Mosix11,172.20.185.12,69.89611482620239,1,512,512,128,256,512,"[True, True, False, False]",0.9,0.0,"[1.0, 0.0, 0.0, 0.0]",7.660337475657737e-05,objective_966e6_00047,966e6_00047
5.654711179873523,0.03125,0.10845588235294118,0.1479779411764706,0.17095588235294118,0.3169479406548335,1738127202,,True,10,966e6_00048,2025-01-29_06-06-42,26.22986364364624,307.6624574661255,4034848,Mosix11,172.20.185.12,307.6624574661255,10,256,512,128,256,512,"[True, True, False, True]",0.9,0.5,"[1.0, 0.0, 0.5, 0]",2.7851186185680942e-05,objective_966e6_00048,966e6_00048
11.881728054846034,0.03216911764705882,0.09466911764705882,0.1323529411764706,0.16268382352941177,0.2523026872864541,1738127245,,True,1,966e6_00049,2025-01-29_06-07-25,39.83487868309021,39.83487868309021,4037871,Mosix11,172.20.185.12,39.83487868309021,1,512,256,128,256,512,"[True, True, False, False]",0.9,0.0,"[1.0, 0.0, 1.0, 0]",9.983863550794034e-05,objective_966e6_00049,966e6_00049
10.229036597644582,0.02849264705882353,0.10294117647058823,0.12959558823529413,0.14705882352941177,0.2517162087674746,1738127287,,True,1,966e6_00050,2025-01-29_06-08-07,39.46105718612671,39.46105718612671,4038543,Mosix11,172.20.185.12,39.46105718612671,1,256,256,256,128,512,"[True, True, False, True]",0.9,0.0,"[1.0, 0.0, 0.5, 0]",0.00016902240303594038,objective_966e6_00050,966e6_00050
9.642033590989953,0.03400735294117647,0.10753676470588236,0.13602941176470587,0.15441176470588236,0.27630477646358914,1738127331,,True,1,966e6_00051,2025-01-29_06-08-51,39.541510820388794,39.541510820388794,4039220,Mosix11,172.20.185.12,39.541510820388794,1,256,256,128,128,512,"[True, True, False, False]",0.9,0.0,"[1.0, 0.0, 0.0, 0.0]",0.00015442610362179047,objective_966e6_00051,966e6_00051
7.686226362691206,0.03768382352941176,0.10661764705882353,0.14246323529411764,0.16819852941176472,0.27300360297565074,1738127432,,True,2,966e6_00052,2025-01-29_06-10-32,26.901512145996094,97.93850684165955,4039891,Mosix11,172.20.185.12,97.93850684165955,2,256,512,128,128,768,"[True, True, False, True]",0.9,0.0,"[1.0, 0.0, 0.0, 0.0]",0.00010287286233778724,objective_966e6_00052,966e6_00052
9.816286321948557,0.03308823529411765,0.10753676470588236,0.140625,0.16084558823529413,0.25784027916105356,1738127475,,True,1,966e6_00053,2025-01-29_06-11-15,39.780049085617065,39.780049085617065,4040982,Mosix11,172.20.185.12,39.780049085617065,1,512,256,128,128,512,"[True, True, False, False]",0.9,0.5,"[1.0, 0.0, 0.5, 0]",8.116565102643788e-05,objective_966e6_00053,966e6_00053
5.7238811561289955,0.029411764705882353,0.10845588235294118,0.14705882352941177,0.18382352941176472,0.32715074156465773,1738127788,,True,10,966e6_00054,2025-01-29_06-16-28,26.616013050079346,309.81842398643494,4041653,Mosix11,172.20.185.12,309.81842398643494,10,512,512,256,256,512,"[True, True, False, False]",0.9,0.0,"[1.0, 0.0, 1.0, 0]",1.5347399329345453e-05,objective_966e6_00054,966e6_00054
5.078479085774982,0.04136029411764706,0.1213235294117647,0.15533088235294118,0.1875,0.3486590579371242,1738127975,,True,10,966e6_00055,2025-01-29_06-19-35,15.696852207183838,184.10886216163635,4044680,Mosix11,172.20.185.12,184.10886216163635,10,512,256,256,128,768,"[True, True, False, False]",0.9,0.0,"[1.0, 0.0, 0.5, 0]",1.0274131150032808e-05,objective_966e6_00055,966e6_00055
5.756205159951659,0.030330882352941176,0.11397058823529412,0.14705882352941177,0.1792279411764706,0.328009045080227,1738128066,,True,4,966e6_00056,2025-01-29_06-21-06,15.651560068130493,87.54190635681152,4047048,Mosix11,172.20.185.12,87.54190635681152,4,256,256,128,128,768,"[True, True, False, False]",0.9,0.5,"[1.0, 0.0, 0.0, 0.0]",4.8224971142435665e-05,objective_966e6_00056,966e6_00056
5.181815134251819,0.042279411764705885,0.12040441176470588,0.15441176470588236,0.18106617647058823,0.34385706276139794,1738128379,,True,10,966e6_00057,2025-01-29_06-26-19,26.504080772399902,309.69360399246216,4048276,Mosix11,172.20.185.12,309.69360399246216,10,512,512,256,256,512,"[True, True, False, True]",0.9,0.0,"[1.0, 1.0, 1.0, 1.0]",1.0633976247042309e-05,objective_966e6_00057,966e6_00057
5.714144595405635,0.03860294117647059,0.11397058823529412,0.15808823529411764,0.18474264705882354,0.33796042831176343,1738128530,,True,8,966e6_00058,2025-01-29_06-28-50,15.370155096054077,147.3631076812744,4051325,Mosix11,172.20.185.12,147.3631076812744,8,256,256,256,256,512,"[True, True, False, False]",0.9,0.0,"[1.0, 1.0, 1.0, 1.0]",3.267933761417329e-05,objective_966e6_00058,966e6_00058
5.173997850979076,0.03125,0.11580882352941177,0.14613970588235295,0.17555147058823528,0.30439924192614853,1738128682,,True,4,966e6_00059,2025-01-29_06-31-22,26.35392165184021,148.4630732536316,4053279,Mosix11,172.20.185.12,148.4630732536316,4,256,512,128,256,512,"[True, True, False, False]",0.9,0.5,"[1.0, 0.0, 0.0, 0.0]",2.6786654713499036e-05,objective_966e6_00059,966e6_00059
17.831934671191608,0.029411764705882353,0.08455882352941177,0.1056985294117647,0.12040441176470588,0.2039756731417797,1738128756,,True,1,966e6_00060,2025-01-29_06-32-36,70.83190894126892,70.83190894126892,4054958,Mosix11,172.20.185.12,70.83190894126892,1,256,512,128,256,768,"[True, True, False, False]",0.9,0.5,"[1.0, 0.0, 1.0, 0]",0.00034136065292734226,objective_966e6_00060,966e6_00060
7.0164700746536255,0.022058823529411766,0.04871323529411765,0.06433823529411764,0.08639705882352941,0.1497575373179964,1738128829,,True,1,966e6_00061,2025-01-29_06-33-49,69.5978376865387,69.5978376865387,4055801,Mosix11,172.20.185.12,69.5978376865387,1,256,512,128,256,512,"[True, True, False, True]",0.9,0.0,"[1.0, 0.0, 1.0, 0]",1.1633774781591626e-05,objective_966e6_00061,966e6_00061
10.202408008715686,0.03125,0.10661764705882353,0.14246323529411764,0.16544117647058823,0.26227021750117485,1738128873,,True,1,966e6_00062,2025-01-29_06-34-33,40.69850993156433,40.69850993156433,4056631,Mosix11,172.20.185.12,40.69850993156433,1,512,256,128,128,768,"[True, True, False, True]",0.9,0.5,"[1.0, 1.0, 1.0, 1.0]",8.523013362622937e-05,objective_966e6_00062,966e6_00062
5.496590175172862,0.03768382352941176,0.13143382352941177,0.16268382352941177,0.18290441176470587,0.34096271921675103,1738128933,,True,2,966e6_00063,2025-01-29_06-35-33,15.664031028747559,56.62323355674744,4057314,Mosix11,172.20.185.12,56.62323355674744,2,256,256,256,256,768,"[True, True, False, True]",0.9,0.0,"[1.0, 0.0, 0.5, 0]",5.866475925318211e-05,objective_966e6_00063,966e6_00063
5.444472083274056,0.02665441176470588,0.09099264705882353,0.13051470588235295,0.1645220588235294,0.305031231001896,1738129249,,True,10,966e6_00064,2025-01-29_06-40-49,26.74163031578064,312.7586145401001,4058179,Mosix11,172.20.185.12,312.7586145401001,10,256,512,128,128,768,"[True, True, False, True]",0.9,0.0,"[1.0, 0.0, 0.0, 0.0]",2.153878249316491e-05,objective_966e6_00064,966e6_00064
5.675489489646519,0.04595588235294118,0.11764705882352941,0.15625,0.17371323529411764,0.3116233203669681,1738129309,,True,2,966e6_00065,2025-01-29_06-41-49,15.743882656097412,56.511820554733276,4061224,Mosix11,172.20.185.12,56.511820554733276,2,256,256,128,128,768,"[True, True, False, False]",0.9,0.5,"[1.0, 0.0, 0.5, 0]",6.1393155008424e-05,objective_966e6_00065,966e6_00065
7.865728878799607,0.03676470588235294,0.10477941176470588,0.14154411764705882,0.17003676470588236,0.27097909563385386,1738129384,,True,1,966e6_00066,2025-01-29_06-43-04,71.36138367652893,71.36138367652893,4062095,Mosix11,172.20.185.12,71.36138367652893,1,512,512,256,128,768,"[True, True, False, True]",0.9,0.5,"[1.0, 0.0, 1.0, 0]",6.541120580375323e-05,objective_966e6_00066,966e6_00066
18.81338987105033,0.027573529411764705,0.06709558823529412,0.08731617647058823,0.10845588235294118,0.1904970199444934,1738129458,,True,1,966e6_00067,2025-01-29_06-44-18,71.18173480033875,71.18173480033875,4062926,Mosix11,172.20.185.12,71.18173480033875,1,256,512,128,256,768,"[True, True, False, True]",0.9,0.5,"[1.0, 0.0, 0.0, 0.0]",0.00035172944790803716,objective_966e6_00067,966e6_00067
5.521700328763793,0.03952205882352941,0.11213235294117647,0.1479779411764706,0.17463235294117646,0.3264033346546485,1738129721,,True,8,966e6_00068,2025-01-29_06-48-41,26.998253107070923,260.4172697067261,4063767,Mosix11,172.20.185.12,260.4172697067261,8,256,512,256,256,768,"[True, True, False, False]",0.9,0.0,"[1.0, 0.0, 0.5, 0]",2.579476823160543e-05,objective_966e6_00068,966e6_00068
9.701988118536333,0.034926470588235295,0.10110294117647059,0.12775735294117646,0.1479779411764706,0.26221946797758233,1738129796,,True,1,966e6_00069,2025-01-29_06-49-56,71.14249658584595,71.14249658584595,4066339,Mosix11,172.20.185.12,71.14249658584595,1,512,512,128,256,768,"[True, True, False, False]",0.9,0.5,"[1.0, 0.0, 0.0, 0.0]",7.335179405729967e-05,objective_966e6_00069,966e6_00069
5.065018758177757,0.03308823529411765,0.11121323529411764,0.14981617647058823,0.18106617647058823,0.35994883035035696,1738129982,,True,10,966e6_00070,2025-01-29_06-53-02,15.796133279800415,183.6302752494812,4067172,Mosix11,172.20.185.12,183.6302752494812,10,512,256,128,128,768,"[True, True, False, False]",0.9,0.0,"[1.0, 0.0, 0.0, 0.0]",1.0234884837305084e-05,objective_966e6_00070,966e6_00070
14.235633974566179,0.029411764705882353,0.08823529411764706,0.11948529411764706,0.13878676470588236,0.23384070501881926,1738130025,,True,1,966e6_00071,2025-01-29_06-53-45,39.28784728050232,39.28784728050232,4069535,Mosix11,172.20.185.12,39.28784728050232,1,256,256,128,256,512,"[True, True, False, True]",0.9,0.0,"[1.0, 0.0, 0.0, 0.0]",0.00023961554861450117,objective_966e6_00071,966e6_00071
13.857458566918092,0.03952205882352941,0.0974264705882353,0.12408088235294118,0.14430147058823528,0.2387151086004451,1738130100,,True,1,966e6_00072,2025-01-29_06-55-00,71.06110763549805,71.06110763549805,4070206,Mosix11,172.20.185.12,71.06110763549805,1,256,512,128,256,768,"[True, True, False, True]",0.9,0.0,"[1.0, 0.0, 0.0, 0.0]",0.00023885981960900259,objective_966e6_00072,966e6_00072
7.358586469993872,0.03308823529411765,0.10018382352941177,0.13970588235294118,0.1636029411764706,0.26831025159096017,1738130160,,True,2,966e6_00073,2025-01-29_06-56-00,15.924433946609497,56.898423194885254,4071048,Mosix11,172.20.185.12,56.898423194885254,2,256,256,256,128,768,"[True, True, False, False]",0.9,0.0,"[1.0, 0.0, 0.0, 0.0]",9.702613619957449e-05,objective_966e6_00073,966e6_00073
6.171372010427363,0.034926470588235295,0.0974264705882353,0.11764705882352941,0.13970588235294118,0.2859819500214037,1738130217,,True,2,966e6_00074,2025-01-29_06-56-57,15.077160596847534,53.90074181556702,4071913,Mosix11,172.20.185.12,53.90074181556702,2,256,256,128,128,512,"[True, True, False, False]",0.9,0.0,"[1.0, 1.0, 1.0, 1.0]",1.2973655316967206e-05,objective_966e6_00074,966e6_00074
5.458642039228888,0.03860294117647059,0.11397058823529412,0.14981617647058823,0.17279411764705882,0.327884944374947,1738130367,,True,8,966e6_00075,2025-01-29_06-59-27,15.270237922668457,146.81199622154236,4072760,Mosix11,172.20.185.12,146.81199622154236,8,256,256,256,256,512,"[True, True, False, False]",0.9,0.0,"[1.0, 1.0, 1.0, 1.0]",2.880217175100716e-05,objective_966e6_00075,966e6_00075
5.482808992266655,0.04044117647058824,0.12959558823529413,0.1636029411764706,0.18198529411764705,0.34666969060130853,1738130521,,True,8,966e6_00076,2025-01-29_07-02-01,15.552189350128174,151.39326786994934,4074717,Mosix11,172.20.185.12,151.39326786994934,8,512,256,128,256,768,"[True, True, False, False]",0.9,0.0,"[1.0, 1.0, 1.0, 1.0]",1.532072738514133e-05,objective_966e6_00076,966e6_00076
5.821832962772426,0.04044117647058824,0.11672794117647059,0.15349264705882354,0.18290441176470587,0.30723138239837305,1738130581,,True,2,966e6_00077,2025-01-29_07-03-01,15.8404541015625,56.5500967502594,4076704,Mosix11,172.20.185.12,56.5500967502594,2,256,256,128,256,768,"[True, True, False, True]",0.9,0.5,"[1.0, 0.0, 1.0, 0]",6.460882104887968e-05,objective_966e6_00077,966e6_00077
6.258195662323167,0.03308823529411765,0.109375,0.14613970588235295,0.1792279411764706,0.3050064026405487,1738130640,,True,2,966e6_00078,2025-01-29_07-04-00,15.408191204071045,55.20744729042053,4077569,Mosix11,172.20.185.12,55.20744729042053,2,512,256,128,128,512,"[True, True, False, True]",0.9,0.5,"[1.0, 0.0, 0.5, 0]",4.0614809592909105e-05,objective_966e6_00078,966e6_00078
5.619290061733302,0.03952205882352941,0.125,0.15808823529411764,0.17279411764705882,0.3178028437336359,1738130698,,True,2,966e6_00079,2025-01-29_07-04-58,15.422597885131836,55.42552924156189,4078422,Mosix11,172.20.185.12,55.42552924156189,2,512,256,256,128,512,"[True, True, False, True]",0.9,0.5,"[1.0, 0.0, 0.5, 0]",3.3155391134471454e-05,objective_966e6_00079,966e6_00079
5.553108100505436,0.035845588235294115,0.11580882352941177,0.15533088235294118,0.17830882352941177,0.33615471351453485,1738130886,,True,10,966e6_00080,2025-01-29_07-08-06,15.732710361480713,183.90241503715515,4079287,Mosix11,172.20.185.12,183.90241503715515,10,256,256,256,256,768,"[True, True, False, False]",0.9,0.5,"[1.0, 0.0, 1.0, 0]",2.568903877034361e-05,objective_966e6_00080,966e6_00080
5.3750661515137725,0.03768382352941176,0.11948529411764706,0.14705882352941177,0.17279411764705882,0.3102428047945175,1738130946,,True,2,966e6_00081,2025-01-29_07-09-06,15.970864295959473,56.87633514404297,4081640,Mosix11,172.20.185.12,56.87633514404297,2,256,256,256,256,768,"[True, True, False, False]",0.9,0.5,"[1.0, 1.0, 1.0, 1.0]",5.2218168021005435e-05,objective_966e6_00081,966e6_00081
6.732241716455011,0.03216911764705882,0.11213235294117647,0.15165441176470587,0.17647058823529413,0.28924058025757615,1738131046,,True,2,966e6_00082,2025-01-29_07-10-46,26.594081163406372,96.86181354522705,4082506,Mosix11,172.20.185.12,96.86181354522705,2,512,512,256,256,512,"[True, True, False, True]",0.9,0.5,"[1.0, 0.0, 0.5, 0]",4.414314766740787e-05,objective_966e6_00082,966e6_00082
6.7950383775374466,0.04044117647058824,0.10202205882352941,0.13602941176470587,0.15625,0.29466318410328207,1738131146,,True,2,966e6_00083,2025-01-29_07-12-26,26.537051916122437,96.74722146987915,4083590,Mosix11,172.20.185.12,96.74722146987915,2,512,512,256,256,512,"[True, True, False, False]",0.9,0.0,"[1.0, 0.0, 0.0, 0.0]",4.3316726799823616e-05,objective_966e6_00083,966e6_00083
5.271479412036784,0.03676470588235294,0.11580882352941177,0.15716911764705882,0.1792279411764706,0.34009268238921375,1738131464,,True,10,966e6_00084,2025-01-29_07-17-44,26.953158140182495,315.1542670726776,4084669,Mosix11,172.20.185.12,315.1542670726776,10,512,512,256,256,768,"[True, True, False, False]",0.9,0.5,"[1.0, 0.0, 0.5, 0]",1.135081010963079e-05,objective_966e6_00084,966e6_00084
5.394051307264497,0.03676470588235294,0.11856617647058823,0.15257352941176472,0.17738970588235295,0.3191422631087549,1738131619,,True,4,966e6_00085,2025-01-29_07-20-19,27.071227073669434,152.32568836212158,4087729,Mosix11,172.20.185.12,152.32568836212158,4,512,512,128,128,768,"[True, True, False, True]",0.9,0.5,"[1.0, 0.0, 0.5, 0]",2.144105509026738e-05,objective_966e6_00085,966e6_00085
6.3342721041511085,0.04044117647058824,0.109375,0.140625,0.16268382352941177,0.30635197303319517,1738131680,,True,2,966e6_00086,2025-01-29_07-21-20,15.939507007598877,57.09931540489197,4089312,Mosix11,172.20.185.12,57.09931540489197,2,256,256,256,128,768,"[True, True, False, True]",0.9,0.5,"[1.0, 0.0, 1.0, 0]",8.066500014506148e-05,objective_966e6_00086,966e6_00086
9.292176002088715,0.035845588235294115,0.10477941176470588,0.13419117647058823,0.14981617647058823,0.26696434999158714,1738131753,,True,1,966e6_00087,2025-01-29_07-22-33,69.99669647216797,69.99669647216797,4090177,Mosix11,172.20.185.12,69.99669647216797,1,256,512,128,128,512,"[True, True, False, True]",0.9,0.0,"[1.0, 0.0, 1.0, 0]",0.0001588223771587551,objective_966e6_00087,966e6_00087
14.234055119402269,0.04503676470588235,0.09650735294117647,0.12683823529411764,0.14705882352941177,0.25122329585172015,1738131796,,True,1,966e6_00088,2025-01-29_07-23-16,39.85957145690918,39.85957145690918,4091015,Mosix11,172.20.185.12,39.85957145690918,1,512,256,256,128,512,"[True, True, False, True]",0.9,0.0,"[1.0, 0.0, 1.0, 0]",0.00011783106268718842,objective_966e6_00088,966e6_00088
5.365910694003105,0.03860294117647059,0.1130514705882353,0.14430147058823528,0.171875,0.3232690006330171,1738131948,,True,4,966e6_00089,2025-01-29_07-25-48,26.385744333267212,149.32092332839966,4091686,Mosix11,172.20.185.12,149.32092332839966,4,256,512,256,256,512,"[True, True, False, True]",0.9,0.0,"[1.0, 0.0, 1.0, 0]",3.920843491352628e-05,objective_966e6_00089,966e6_00089
8.267889989649548,0.02389705882352941,0.10753676470588236,0.14338235294117646,0.16727941176470587,0.27252809791346355,1738132022,,True,1,966e6_00090,2025-01-29_07-27-02,71.3261923789978,71.3261923789978,4093245,Mosix11,172.20.185.12,71.3261923789978,1,512,512,128,128,768,"[True, True, False, True]",0.9,0.0,"[1.0, 1.0, 1.0, 1.0]",6.927877887228211e-05,objective_966e6_00090,966e6_00090
5.344643224688137,0.02665441176470588,0.11488970588235294,0.14430147058823528,0.17830882352941177,0.32532419729977846,1738132110,,True,4,966e6_00091,2025-01-29_07-28-30,15.09983777999878,84.84667086601257,4094087,Mosix11,172.20.185.12,84.84667086601257,4,256,256,128,256,512,"[True, True, False, True]",0.9,0.5,"[1.0, 0.0, 0.0, 0.0]",3.9764971554234295e-05,objective_966e6_00091,966e6_00091
16.901639526381214,0.03400735294117647,0.08915441176470588,0.11029411764705882,0.13143382352941177,0.22550485841587514,1738132184,,True,1,966e6_00092,2025-01-29_07-29-44,71.21272134780884,71.21272134780884,4095309,Mosix11,172.20.185.12,71.21272134780884,1,256,512,256,256,768,"[True, True, False, True]",0.9,0.0,"[1.0, 0.0, 0.0, 0.0]",0.00030495899343298185,objective_966e6_00092,966e6_00092
5.254084370592061,0.034926470588235295,0.12959558823529413,0.15625,0.17647058823529413,0.3381502192796153,1738132284,,True,2,966e6_00093,2025-01-29_07-31-24,26.508118867874146,96.77729415893555,4096146,Mosix11,172.20.185.12,96.77729415893555,2,512,512,128,256,512,"[True, True, False, True]",0.9,0.5,"[1.0, 1.0, 1.0, 1.0]",2.269474731820562e-05,objective_966e6_00093,966e6_00093
5.31534243331236,0.043198529411764705,0.12040441176470588,0.14613970588235295,0.17371323529411764,0.33923057361971587,1738132342,,True,2,966e6_00094,2025-01-29_07-32-22,15.267870426177979,54.81196975708008,4097230,Mosix11,172.20.185.12,54.81196975708008,2,512,256,128,256,512,"[True, True, False, False]",0.9,0.5,"[1.0, 0.0, 0.0, 0.0]",2.8285566632523686e-05,objective_966e6_00094,966e6_00094
5.63969310241587,0.03676470588235294,0.11580882352941177,0.15165441176470587,0.18106617647058823,0.32942883682656376,1738132659,,True,10,966e6_00095,2025-01-29_07-37-39,26.895432949066162,314.1304314136505,4098083,Mosix11,172.20.185.12,314.1304314136505,10,512,512,256,256,768,"[True, True, False, False]",0.9,0.5,"[1.0, 1.0, 1.0, 1.0]",1.4231532558156559e-05,objective_966e6_00095,966e6_00095
40.174360289293176,0.03216911764705882,0.08823529411764706,0.1056985294117647,0.12591911764705882,0.206427650861716,1738132702,,True,1,966e6_00096,2025-01-29_07-38-22,39.846747398376465,39.846747398376465,4101134,Mosix11,172.20.185.12,39.846747398376465,1,512,256,256,128,512,"[True, True, False, True]",0.9,0.5,"[1.0, 0.0, 0.0, 0.0]",0.00037877308269958763,objective_966e6_00096,966e6_00096
7.246213352855514,0.04503676470588235,0.11121323529411764,0.13511029411764705,0.15808823529411764,0.2753389529945493,1738132776,,True,1,966e6_00097,2025-01-29_07-39-36,70.96362328529358,70.96362328529358,4101805,Mosix11,172.20.185.12,70.96362328529358,1,256,512,256,128,768,"[True, True, False, True]",0.9,0.5,"[1.0, 1.0, 1.0, 1.0]",0.000119301528535851,objective_966e6_00097,966e6_00097
5.506885512786753,0.03676470588235294,0.11856617647058823,0.15533088235294118,0.1801470588235294,0.3364187380956376,1738132931,,True,4,966e6_00098,2025-01-29_07-42-11,26.928548336029053,152.1445188522339,4102647,Mosix11,172.20.185.12,152.1445188522339,4,512,512,256,128,768,"[True, True, False, False]",0.9,0.0,"[1.0, 1.0, 1.0, 1.0]",2.316567757774506e-05,objective_966e6_00098,966e6_00098
6.754478254738976,0.025735294117647058,0.05974264705882353,0.08272058823529412,0.09283088235294118,0.21247798594755724,1738132975,,True,1,966e6_00099,2025-01-29_07-42-55,40.61842322349548,40.61842322349548,4104218,Mosix11,172.20.185.12,40.61842322349548,1,256,256,128,128,768,"[True, True, False, False]",0.9,0.5,"[1.0, 0.0, 0.0, 0.0]",1.1890697635434047e-05,objective_966e6_00099,966e6_00099
5.3258753944845765,0.03676470588235294,0.11948529411764706,0.15625,0.18198529411764705,0.3357702292269096,1738133075,,True,2,966e6_00100,2025-01-29_07-44-35,26.39007830619812,96.56543588638306,4104901,Mosix11,172.20.185.12,96.56543588638306,2,512,512,256,256,512,"[True, True, False, True]",0.9,0.5,"[1.0, 1.0, 1.0, 1.0]",2.4588872344822266e-05,objective_966e6_00100,966e6_00100
10.483535165295882,0.03400735294117647,0.10294117647058823,0.13602941176470587,0.16268382352941177,0.2712360925780719,1738133118,,True,1,966e6_00101,2025-01-29_07-45-18,39.64035964012146,39.64035964012146,4105980,Mosix11,172.20.185.12,39.64035964012146,1,512,256,128,128,512,"[True, True, False, False]",0.9,0.5,"[1.0, 0.0, 0.5, 0]",8.840189830453335e-05,objective_966e6_00101,966e6_00101
5.529714671127937,0.03308823529411765,0.11397058823529412,0.15992647058823528,0.17279411764705882,0.30410295549560995,1738133178,,True,2,966e6_00102,2025-01-29_07-46-18,15.774629831314087,56.66149115562439,4106657,Mosix11,172.20.185.12,56.66149115562439,2,256,256,256,256,768,"[True, True, False, True]",0.9,0.5,"[1.0, 0.0, 0.0, 0.0]",5.7141439331518024e-05,objective_966e6_00102,966e6_00102
5.33263030998847,0.035845588235294115,0.10753676470588236,0.13511029411764705,0.15165441176470587,0.3333711811026339,1738133278,,True,2,966e6_00103,2025-01-29_07-47-58,26.279321670532227,96.35531735420227,4107522,Mosix11,172.20.185.12,96.35531735420227,2,512,512,128,128,512,"[True, True, False, True]",0.9,0.5,"[1.0, 1.0, 1.0, 1.0]",1.0098625207219624e-05,objective_966e6_00103,966e6_00103
27.0442653613932,0.024816176470588234,0.09099264705882353,0.125,0.15073529411764705,0.21717446282341638,1738133321,,True,1,966e6_00104,2025-01-29_07-48-41,40.976861000061035,40.976861000061035,4108595,Mosix11,172.20.185.12,40.976861000061035,1,512,256,128,128,768,"[True, True, False, True]",0.9,0.5,"[1.0, 1.0, 1.0, 1.0]",0.0002371423955204204,objective_966e6_00104,966e6_00104
5.5185997258214385,0.03768382352941176,0.1130514705882353,0.14430147058823528,0.1792279411764706,0.340558351996793,1738133586,,True,8,966e6_00105,2025-01-29_07-53-06,27.245867252349854,261.30304431915283,4109273,Mosix11,172.20.185.12,261.30304431915283,8,512,512,256,256,768,"[True, True, False, False]",0.9,0.0,"[1.0, 0.0, 0.5, 0]",1.6001140396233106e-05,objective_966e6_00105,966e6_00105
44.72887263578527,0.029411764705882353,0.08823529411764706,0.12040441176470588,0.14246323529411764,0.2111409038107548,1738133658,,True,1,966e6_00106,2025-01-29_07-54-18,69.97994303703308,69.97994303703308,4111844,Mosix11,172.20.185.12,69.97994303703308,1,512,512,128,128,512,"[True, True, False, True]",0.9,0.5,"[1.0, 1.0, 1.0, 1.0]",0.0004592206145786745,objective_966e6_00106,966e6_00106
5.500077783184893,0.03216911764705882,0.10294117647058823,0.14705882352941177,0.17095588235294118,0.31991606487837787,1738133976,,True,10,966e6_00107,2025-01-29_07-59-36,27.03146481513977,314.3245429992676,4112674,Mosix11,172.20.185.12,314.3245429992676,10,256,512,256,128,768,"[True, True, False, True]",0.9,0.5,"[1.0, 0.0, 0.0, 0.0]",2.6009727660299445e-05,objective_966e6_00107,966e6_00107
17.013288099976148,0.02389705882352941,0.08823529411764706,0.1056985294117647,0.11672794117647059,0.2226768760883715,1738134050,,True,1,966e6_00108,2025-01-29_08-00-50,71.52086305618286,71.52086305618286,4115725,Mosix11,172.20.185.12,71.52086305618286,1,256,512,256,256,768,"[True, True, False, True]",0.9,0.0,"[1.0, 0.0, 1.0, 0]",0.00029078231338449143,objective_966e6_00108,966e6_00108
5.566624811467002,0.03860294117647059,0.11856617647058823,0.1479779411764706,0.17555147058823528,0.3114729236044428,1738134138,,True,4,966e6_00109,2025-01-29_08-02-18,15.15557074546814,84.82287955284119,4116567,Mosix11,172.20.185.12,84.82287955284119,4,256,256,256,128,512,"[True, True, False, True]",0.9,0.5,"[1.0, 0.0, 0.0, 0.0]",4.42820050341733e-05,objective_966e6_00109,966e6_00109
5.176484836375012,0.042279411764705885,0.12224264705882353,0.15533088235294118,0.17647058823529413,0.3333013528437518,1738134291,,True,4,966e6_00110,2025-01-29_08-04-51,26.454509019851685,149.2736518383026,4117795,Mosix11,172.20.185.12,149.2736518383026,4,512,512,128,256,512,"[True, True, False, True]",0.9,0.5,"[1.0, 0.0, 0.0, 0.0]",1.9117155045837514e-05,objective_966e6_00110,966e6_00110
5.363197108401971,0.030330882352941176,0.11856617647058823,0.15625,0.17830882352941177,0.33116434737766054,1738134381,,True,4,966e6_00111,2025-01-29_08-06-21,15.736944675445557,88.10759115219116,4119353,Mosix11,172.20.185.12,88.10759115219116,4,512,256,128,256,768,"[True, True, False, False]",0.9,0.5,"[1.0, 0.0, 0.0, 0.0]",2.2232347397256673e-05,objective_966e6_00111,966e6_00111
10.611380063435611,0.035845588235294115,0.08915441176470588,0.12683823529411764,0.14522058823529413,0.25850634693222885,1738134454,,True,1,966e6_00112,2025-01-29_08-07-34,69.86341166496277,69.86341166496277,4120581,Mosix11,172.20.185.12,69.86341166496277,1,256,512,128,128,512,"[True, True, False, False]",0.9,0.0,"[1.0, 0.0, 1.0, 0]",0.00018242571768558547,objective_966e6_00112,966e6_00112
5.301951660829432,0.03125,0.12316176470588236,0.15349264705882354,0.16911764705882354,0.31764792664633956,1738134554,,True,2,966e6_00113,2025-01-29_08-09-14,26.53730010986328,96.52108597755432,4121423,Mosix11,172.20.185.12,96.52108597755432,2,256,512,256,256,512,"[True, True, False, True]",0.9,0.5,"[1.0, 1.0, 1.0, 1.0]",4.555181006009448e-05,objective_966e6_00113,966e6_00113
5.567942588644869,0.034926470588235295,0.10477941176470588,0.14338235294117646,0.17555147058823528,0.31369900615776286,1738134817,,True,8,966e6_00114,2025-01-29_08-13-37,26.80178189277649,259.276296377182,4122496,Mosix11,172.20.185.12,259.276296377182,8,256,512,128,128,768,"[True, True, False, False]",0.9,0.5,"[1.0, 1.0, 1.0, 1.0]",2.805635538260612e-05,objective_966e6_00114,966e6_00114
7.02356295375263,0.02022058823529412,0.06525735294117647,0.08088235294117647,0.10386029411764706,0.1816525997881613,1738134889,,True,1,966e6_00115,2025-01-29_08-14-49,69.81601452827454,69.81601452827454,4125055,Mosix11,172.20.185.12,69.81601452827454,1,256,512,256,128,512,"[True, True, False, False]",0.9,0.0,"[1.0, 1.0, 1.0, 1.0]",1.0902368208339893e-05,objective_966e6_00115,966e6_00115
17.921881595078638,0.024816176470588234,0.08272058823529412,0.10294117647058823,0.11672794117647059,0.2186794859735528,1738134932,,True,1,966e6_00116,2025-01-29_08-15-32,39.720152616500854,39.720152616500854,4125885,Mosix11,172.20.185.12,39.720152616500854,1,256,256,256,128,512,"[True, True, False, False]",0.9,0.0,"[1.0, 0.0, 0.5, 0]",0.0003189122027161474,objective_966e6_00116,966e6_00116
8.720266535001642,0.03676470588235294,0.11029411764705882,0.1332720588235294,0.15073529411764705,0.26770924696671394,1738135005,,True,1,966e6_00117,2025-01-29_08-16-45,69.95558595657349,69.95558595657349,4126557,Mosix11,172.20.185.12,69.95558595657349,1,256,512,256,256,512,"[True, True, False, False]",0.9,0.0,"[1.0, 0.0, 0.0, 0.0]",0.00013996269363701597,objective_966e6_00117,966e6_00117
5.7712779018808815,0.03308823529411765,0.11397058823529412,0.15165441176470587,0.17555147058823528,0.3230833790045889,1738135063,,True,2,966e6_00118,2025-01-29_08-17-43,15.042965173721313,54.459229707717896,4127399,Mosix11,172.20.185.12,54.459229707717896,2,256,256,128,256,512,"[True, True, False, True]",0.9,0.0,"[1.0, 0.0, 0.5, 0]",6.52163205476447e-05,objective_966e6_00118,966e6_00118
5.497577512088944,0.03860294117647059,0.12224264705882353,0.1479779411764706,0.1792279411764706,0.33935030174496417,1738135251,,True,10,966e6_00119,2025-01-29_08-20-51,15.833329200744629,184.48217272758484,4128255,Mosix11,172.20.185.12,184.48217272758484,10,512,256,256,128,768,"[True, True, False, False]",0.9,0.5,"[1.0, 0.0, 0.5, 0]",1.4028000788691192e-05,objective_966e6_00119,966e6_00119
